area_id,name,type,image_url,longitude,latitude
1,Terminal 1,Park,url,-122.399165,37.62043
1,Terminal 1,Groceries,url,-122.399165,37.62043
1,Terminal 1,Restaurant,url,-122.399165,37.62043
1,Guy Place Mini Park,Groceries,url,-122.394391,37.78668402
1,Terminal 1,Restaurant,url,-122.399165,37.62043
1,Terminal 1,Restaurant,url,-122.399165,37.62043
1,Terminal 1,Restaurant,url,-122.399165,37.62043
1,Terminal 1,Park,url,-122.399165,37.62043
1,Terminl 1,Park,url,-122.399165,37.62043
1,Central Subway,Restaurant,url,-122.39654,37.77833003
1,Embarcadero Ferry Plaza,Cafe ,url,-122.3915536,37.79315824
1,San Francisco General Hospital,Cafe ,url,-122.405817,37.75632799
1,,Cafe ,url,-122.4789528,37.71468521
1,Sailor's Union of the Pacific,Restaurant,url,-122.393014,37.78656298
1,Terminal 3,Cafe ,url,-122.399165,37.62043
1,Randall Museum,School,url,-122.438148,37.76442298
1,Headquarters,Restaurant,url,-122.418926,37.78111102
1,San Francisco Botanical Garden,School,url,-122.470886,37.76890202
1,Hotel,Cafe ,url,-122.3937406,37.61242626
1,SFPD  Northern Station,Groceries,url,-122.432282,37.78035199
1,CCSF Ocean Campus,Cafe ,url,-122.449584,37.72382699
1,Laguna Honda Hospital,School,url,-122.455811,37.748793
1,Mission St. sidewalk,Cafe ,url,-122.42053,37.74421899
1,Valencia Gardens Apartments,School,url,-122.42229,37.76665001
1,Gene Friend Recreation Center,Park,url,-122.406191,37.778779
1,3rd Street Light Rail,Cafe ,url,-122.3975699,37.71887006
1,Kidpower Park,Cafe ,url,-122.420223,37.76406398
1,3rd Street Light Rail,Cafe ,url,-122.3892099,37.76880005
1,3rd Street Light Rail,Cafe ,url,-122.3892099,37.76880005
1,Golden Gate Park,Park,url,-122.510542,37.76981502
1,Coit Tower,Cafe ,url,-122.405884,37.80231199
1,Portsmouth Square,Cafe ,url,-122.40478,37.79445006
1,International Terminal,Cafe ,url,-122.399165,37.62043
1,3rd Street Light Rail,School,url,-122.3955699,37.72237005
1,,School,url,-122.41676,37.77959004
1,San Francisco General Hospital,Cafe ,url,-122.405817,37.75632799
1,Victoria Manalo Draves Park,Park,url,-122.4067299,37.77764003
1,Octavia Blvd.,Restaurant,url,-122.4239299,37.77296003
1,Ferry Building,School,url,-122.3938149,37.79526865
1,Junipero Serra Playground,Groceries,url,-122.474146,37.72508399
1,Portsmouth Square,School,url,-122.40478,37.79445006
1,Chinatown Library,School,url,-122.410195,37.795231
1,Upper Noe Recreation Center,Groceries,url,-122.428479,37.74257702
1,Mission St. and Steuart St.,Cafe ,url,-122.3931899,37.79325002
1,Sunnyside Conservatory,Cafe ,url,-122.440806,37.73190099
1,CCSF Ocean Campus,Cafe ,url,-122.449584,37.72382699
1,Golden Gate Park,School,url,-122.4686445,37.77242694
1,Sava Pool,Groceries,url,-122.475662,37.737793
1,Terminal 1,School,url,-122.399165,37.62043
1,Office of the Chief Medical Examiner,Restaurant,url,-122.377978,37.73976799
1,3rd Street Light Rail,Cafe ,url,-122.3881099,37.75539006
1,African American Art and Culture Complex,Cafe ,url,-122.4287419,37.77813313
1,City Hall,Groceries,url,-122.4195523,37.78021574
1,Chinatown Library,Cafe ,url,-122.410195,37.795231
1,SFPD  Bayview Station,Park,url,-122.39788,37.729803
1,SFPD  Richmond Station,Park,url,-122.464404,37.78003101
1,Sunnyside Conservatory,Groceries,url,-122.440806,37.73190099
1,Glen Canyon Park,Cafe ,url,-122.4419099,37.73598004
1,St. Mary's Square,Park,url,-122.4054364,37.79245127
1,Victoria Manalo Draves Park,Groceries,url,-122.4067299,37.77764003
1,Lincoln Park,Park,url,-122.5002899,37.78568003
1,Woh Hei Yuen Park,Restaurant,url,-122.4099799,37.79605004
1,Terminal 3,Park,url,-122.399165,37.62043
1,Terminal 3,Restaurant,url,-122.399165,37.62043
1,Terminal 3,Restaurant,url,-122.399165,37.62043
1,Joseph Lee Recreation Center,Park,url,-122.389792,37.734944
1,San Francisco General Hospital,Groceries,url,-122.405817,37.75632799
1,3rd Street Light Rail,Restaurant,url,-122.3943299,37.72555006
1,Richmond Recreation Center,Groceries,url,-122.477112,37.78328499
1,Port of San Francisco Bayview,Cafe ,url,-122.3840473,37.74594305
1,Minnie and Lovie Ward Recreation Center,Restaurant,url,-122.457862,37.71639602
1,Embarcadero Plaza,School,url,-122.3929197,37.79438524
1,Portsmouth Square,Cafe ,url,-122.40478,37.79445006
1,Golden Gate Park,Cafe ,url,-122.4658799,37.77338005
1,San Francisco General Hospital,Restaurant,url,-122.405817,37.75632799
1,City Hall,Restaurant,url,-122.4184766,37.77939476
1,,Restaurant,url,-122.4291199,37.76946004
1,Sunnyside Conservatory,Groceries,url,-122.440806,37.73190099
1,Eureka Valley Recreation Center,Restaurant,url,-122.436243,37.76048001
1,San Francisco Public Library Bayview Branch,Cafe ,url,-122.391314,37.73248202
1,Civic Center Courthouse,Park,url,-122.418795,37.78041301
1,Joseph Lee Recreation Center,Park,url,-122.389792,37.734944
1,Trocadero Clubhouse,School,url,-122.4677361,37.74024622
1,Laguna Honda Hospital,Restaurant,url,-122.455811,37.748793
1,Eureka Valley Recreation Center,Restaurant,url,-122.436243,37.76048001
1,Potrero Del Sol Park,Park,url,-122.406336,37.74881575
1,Coit Tower,Park,url,-122.405884,37.80231199
1,Terminal 1,Restaurant,url,-122.399165,37.62043
1,Marina Green Drive,School,url,-122.4379374,37.80711244
1,George Christopher Playground,Cafe ,url,-122.440255,37.74400102
1,Upper Noe Recreation Center,Park,url,-122.428479,37.74257702
1,3rd Street Light Rail,Restaurant,url,-122.3886699,37.76046006
1,International Terminal,School,url,-122.399165,37.62043
1,Maxine Hall Health Center,School,url,-122.436058,37.78233599
1,San Francisco General Hospital,School,url,-122.405817,37.75632799
1,Trocadero Clubhouse,Restaurant,url,-122.4677361,37.74024622
1,Civic Center Courthouse,Groceries,url,-122.418795,37.78041301
1,Mission Recreation Center,Restaurant,url,-122.412586,37.758149
1,Coit Tower,Cafe ,url,-122.405884,37.80231199
1,3rd Street Light Rail,Restaurant,url,-122.3889599,37.76432005
1,Maritime Museum,Park,url,-122.423925,37.80640001
1,Mission St. sidewalk,Park,url,-122.4191199,37.74676005
1,Martin Luther King Jr. Pool,Restaurant,url,-122.393582,37.72549801
1,Ocean View Library,Restaurant,url,-122.465964,37.71413198
1,San Francisco General Hospital,Cafe ,url,-122.405817,37.75632799
1,International Terminal,Groceries,url,-122.399165,37.62043
1,Laguna Honda Hospital,Park,url,-122.455811,37.748793
1,Sava Pool,Restaurant,url,-122.475662,37.737793
1,San Francisco General Hospital,Restaurant,url,-122.405817,37.75632799
1,Parque Ninos Unidos,Restaurant,url,-122.413704,37.75421679
1,Richmond Recreation Center,Restaurant,url,-122.477965,37.78321299
1,Octavia Blvd.,Groceries,url,-122.4241099,37.77388003
1,San Francisco General Hospital,Groceries,url,-122.405817,37.75632799
1,Hotel,School,url,-122.3937406,37.61242626
1,Long Term Parking,Park,url,-122.40055,37.63655001
1,Helen Wills Playground,Park,url,-122.4201299,37.79622002
1,Father Alfred E. Boeddeker Park,Restaurant,url,-122.411974,37.78416601
1,Terminal 1,School,url,-122.399165,37.62043
1,San Francisco General Hospital,Cafe ,url,-122.405817,37.75632799
1,Golden Gate Park,Groceries,url,-122.468789,37.77142602
1,International Terminal,Groceries,url,-122.399165,37.62043
1,San Francisco General Hospital,Restaurant,url,-122.405817,37.75632799
1,Terminal 1,Groceries,url,-122.399165,37.62043
1,Eureka Valley Recreation Center,Park,url,-122.436243,37.76048001
1,Civic Center Courthouse,Restaurant,url,-122.418795,37.78041301
1,Portsmouth Square,Cafe ,url,-122.40478,37.79445006
1,Terminal 3,Groceries,url,-122.399165,37.62043
1,Terminal 2,Cafe ,url,-122.399165,37.62043
1,San Francisco Zoo,School,url,-122.5068199,37.73541003
1,Portsmouth Square,School,url,-122.40478,37.79445006
1,Chinatown Library,Restaurant,url,-122.410195,37.795231
1,3rd Street Light Rail,School,url,-122.3886699,37.76046006
1,Moscone Recreation Center,School,url,-122.4316799,37.80328006
1,Terminal 2,Groceries,url,-122.399165,37.62043
1,Octavia Blvd.,Groceries,url,-122.4244799,37.77572003
1,Moscone Recreation Center,Cafe ,url,-122.4316799,37.80328006
1,Golden Gate Park,Restaurant,url,-122.4665353,37.77245962
1,International Terminal,School,url,-122.399165,37.62043
1,Laguna Honda Hospital,Cafe ,url,-122.455811,37.748793
1,Portsmouth Square,Cafe ,url,-122.40478,37.79445006
1,Trocadero Clubhouse,Groceries,url,-122.4677361,37.74024622
1,Sava Pool,Park,url,-122.475662,37.737793
1,Eureka Valley Recreation Center,Park,url,-122.436243,37.76048001
1,Argonne Playground,Park,url,-122.477476,37.77918402
1,Golden Gate Park,Restaurant,url,-122.4409299,37.77362002
1,San Francisco General Hospital,Restaurant,url,-122.405817,37.75632799
1,Terminal 1,School,url,-122.399165,37.62043
1,North Beach Garage,Park,url,-122.409541,37.79837602
1,Embarcadero Waterfront Park,School,url,-122.4086511,37.80803597
1,Golden Gate Park,Restaurant,url,-122.4695899,37.76974004
1,3rd Street Light Rail,Cafe ,url,-122.3886699,37.76046006
1,City Hall,School,url,-122.4184766,37.77939476
1,Terminal 1,School,url,-122.399165,37.62043
1,Golden Gate Bridge,Cafe ,url,-122.4752099,37.80648004
1,San Francisco General Hospital,Cafe ,url,-122.405817,37.75632799
1,Sunnyside Conservatory,Groceries,url,-122.440806,37.73190099
1,3rd Street Light Rail,School,url,-122.3910599,37.73404005
1,Tenderloin Recreation Center,Cafe ,url,-122.415597,37.78467198
1,Mission Recreation Center,School,url,-122.412586,37.758149
1,International Terminal,Park,url,-122.399165,37.62043
1,Portsmouth Square,Restaurant,url,-122.40478,37.79445006
1,Sava Pool,Cafe ,url,-122.475662,37.737793
1,International Terminal,Park,url,-122.399165,37.62043
1,San Francisco Public Library Bayview Branch,School,url,-122.391314,37.73248202
1,Helen Wills Playground,Restaurant,url,-122.4201299,37.79622002
1,3rd Street Light Rail,Restaurant,url,-122.3880099,37.74273003
1,Terminal 1,Park,url,-122.399165,37.62043
1,Golden Gate Park,Groceries,url,-122.4658099,37.77260003
1,Terminal 2,Cafe ,url,-122.399165,37.62043
1,Terminal 3,Park,url,-122.399165,37.62043
1,Terminal 3,Cafe ,url,-122.399165,37.62043
1,,School,url,-122.4291199,37.76946004
1,CCSF Ocean Campus,Groceries,url,-122.449584,37.72382699
1,3rd Street Light Rail,Restaurant,url,-122.3897999,37.77292005
1,,Cafe ,url,-122.4291199,37.76946004
1,San Francisco General Hospital,Groceries,url,-122.405817,37.75632799
1,Richmond Recreation Center,Cafe ,url,-122.4773881,37.78319479
1,Golden Gate Park,Restaurant,url,-122.468789,37.77142602
1,CCSF Ocean Campus,School,url,-122.449584,37.72382699
1,J.P. Murphy Playground Clubhouse,Cafe ,url,-122.465231,37.75153501
1,Woh Hei Yuen Park,Restaurant,url,-122.4099799,37.79605004
1,San Francisco General Hospital,School,url,-122.405817,37.75632799
1,Terminal 3,Cafe ,url,-122.399165,37.62043
1,Koret Children's Quarters,Park,url,-122.4606399,37.76742006
1,Japantown,Cafe ,url,-122.430152,37.78610801
1,Sunnyside Conservatory,Restaurant,url,-122.440806,37.73190099
1,Public Utilities Commission,Restaurant,url,-122.5079599,37.74911004
1,San Francisco Public Library Bayview Branch,Park,url,-122.391314,37.73248202
1,Terminl 3,Park,url,-122.399165,37.62043
1,Terminal 1,Groceries,url,-122.399165,37.62043
1,Terminal 1,School,url,-122.399165,37.62043
1,Terminal 2,Park,url,-122.399165,37.62043
1,Coit Tower,Groceries,url,-122.405884,37.80231199
1,Argonne Playground,School,url,-122.477476,37.77918402
1,,Cafe ,url,-122.4291199,37.76946004
1,Terminal 2,Restaurant,url,-122.399165,37.62043
1,Octavia Blvd.,Groceries,url,-122.4239299,37.77296003
1,Hotel,Park,url,-122.3937406,37.61242626
1,City Hall,School,url,-122.4184766,37.77939476
1,Terminal 1,Groceries,url,-122.399165,37.62043
1,International Terminal,School,url,-122.399165,37.62043
1,Civic Center Courthouse,Groceries,url,-122.418795,37.78041301
1,Betty Ann Ong Chinese Recreation Center,Cafe ,url,-122.411507,37.79434399
1,Terminal 1,Park,url,-122.399165,37.62043
1,Sava Pool,Groceries,url,-122.475662,37.737793
1,Laguna Honda Hospital,Groceries,url,-122.455811,37.748793
1,Sunnyside Conservatory,Cafe ,url,-122.440806,37.73190099
1,Maritime Museum,School,url,-122.423925,37.80640001
1,St. Mary's Square,Groceries,url,-122.4054364,37.79245127
1,3rd Street Light Rail,School,url,-122.3897999,37.77292005
1,Golden Gate Park,School,url,-122.4683699,37.76879004
1,Coit Tower,Restaurant,url,-122.405884,37.80231199
1,San Francisco Public Library Bayview Branch,Groceries,url,-122.391314,37.73248202
1,Ingleside,Restaurant,url,-122.4448099,37.72293005
1,,Cafe ,url,-122.4478699,37.78228004
1,Terminal 3,Groceries,url,-122.399165,37.62043
1,Golden Gate Park,Park,url,-122.45917,37.77130004
1,San Francisco General Hospital,Cafe ,url,-122.405817,37.75632799
1,Hagiwara Tea Garden,Restaurant,url,-122.4687267,37.77052645
1,Terminal 3,Groceries,url,-122.399165,37.62043
1,San Francisco Public Library Bayview Branch,Cafe ,url,-122.391314,37.73248202
1,Tenderloin Recreation Center,Restaurant,url,-122.415597,37.78467198
1,3rd Street Light Rail,Restaurant,url,-122.3889599,37.76432005
1,San Francisco General Hospital,School,url,-122.405817,37.75632799
1,3rd Street Light Rail,School,url,-122.3941499,37.77643006
1,Lombard Garage,Restaurant,url,-122.435151,37.79969499
1,Silver Avenue Family Health Center #3,Park,url,-122.406393,37.73233601
1,San Francisco General Hospital,Groceries,url,-122.405817,37.75632799
1,Civic Center United Nations Plaza,Park,url,-122.4141402,37.78326619
1,Trocadero Clubhouse,Restaurant,url,-122.4677361,37.74024622
1,Valencia Gardens Apartments,Groceries,url,-122.42229,37.76665001
1,Noe Valley Town Square,School,url,-122.428975,37.75136402
1,Market and Kearny St.,School,url,-122.4034599,37.78766005
1,Mission St. sidewalk,Cafe ,url,-122.421374,37.74379298
1,Main Library,Park,url,-122.415746,37.77917798
1,International Terminal,Park,url,-122.399165,37.62043
1,Fulton Playground,Cafe ,url,-122.486895,37.773523
1,San Francisco General Hospital,Cafe ,url,-122.405817,37.75632799
1,Eureka Valley Recreation Center,Park,url,-122.436243,37.76048001
1,Victoria Manalo Draves Park,School,url,-122.4067299,37.77764003
1,Father Alfred E. Boeddeker Park,School,url,-122.412261,37.78373099
1,North Beach Garage,Park,url,-122.409541,37.79837602
1,SFPD  Richmond Station,School,url,-122.464404,37.78003101
1,Golden Gate Park,Groceries,url,-122.4738899,37.77121006
1,James Rolph Jr. Playground,Groceries,url,-122.4068999,37.74973005
1,Sunnydale Pump Station,Groceries,url,-122.3927999,37.70907002
1,North Beach Garage,Restaurant,url,-122.409541,37.79837602
1,Coit Tower,Cafe ,url,-122.405884,37.80231199
1,Laguna Honda Hospital,Groceries,url,-122.455811,37.748793
1,3rd Street Light Rail,Cafe ,url,-122.3910599,37.73404005
1,Parque Ninos Unidos,School,url,-122.413704,37.75421679
1,SFPD  Bayview Station,Groceries,url,-122.39788,37.729803
1,Mission St. sidewalk,School,url,-122.421598,37.74246399
1,Eureka Valley Recreation Center,Groceries,url,-122.436243,37.76048001
1,Coit Tower,Restaurant,url,-122.405884,37.80231199
1,Trocadero Clubhouse,Restaurant,url,-122.4677361,37.74024622
1,3rd Street Light Rail,Groceries,url,-122.4052299,37.70890004
1,Terminal 2,Park,url,-122.399165,37.62043
1,Portsmouth Square,Groceries,url,-122.4058099,37.79523004
1,San Francisco General Hospital,Groceries,url,-122.4047499,37.75694004
1,Potrero Library,Groceries,url,-122.397664,37.76013602
1,Terminal 2,Groceries,url,-122.399165,37.62043
1,International Terminal,Groceries,url,-122.399165,37.62043
1,3rd Street Light Rail,School,url,-122.3899399,37.73722006
1,International Terminal,School,url,-122.399165,37.62043
1,Laguna Honda Hospital,Park,url,-122.455811,37.748793
1,Silver Avenue Family Health Center #3,Cafe ,url,-122.406393,37.73233601
1,Eureka Valley Recreation Center,School,url,-122.436243,37.76048001
1,,Groceries,url,-122.4291199,37.76946004
1,CCSF Ocean Campus,Groceries,url,-122.449584,37.72382699
1,Coit Tower,Park,url,-122.405884,37.80231199
1,M-Ocean View Light Rail,Park,url,-122.4750999,37.72103004
1,Eureka Valley Recreation Center,Restaurant,url,-122.436243,37.76048001
1,Washington Square,Park,url,-122.4109999,37.80117004
1,Coleridge Mini Park,Groceries,url,-122.4194699,37.74409004
1,San Francisco General Hospital,Park,url,-122.405817,37.75632799
1,Laguna Honda Hospital,Park,url,-122.455811,37.748793
1,Chinatown Public Health Center,Park,url,-122.411758,37.79713298
1,City Hall,Restaurant,url,-122.4184766,37.77939476
1,Eureka Valley Library,School,url,-122.432053,37.76413301
1,Mission Recreation Center,Restaurant,url,-122.412586,37.758149
1,Sunnyside Conservatory,Park,url,-122.440806,37.73190099
1,Portsmouth Square,Cafe ,url,-122.40478,37.79445006
1,San Francisco General Hospital,Restaurant,url,-122.405817,37.75632799
1,Coffman Pool,School,url,-122.415822,37.71347501
1,African American Art and Culture Complex,Cafe ,url,-122.4287419,37.77813313
1,Eureka Valley Recreation Center,Groceries,url,-122.436243,37.76048001
1,Father Alfred E. Boeddeker Park,Groceries,url,-122.412261,37.78373099
1,3rd Street Light Rail,Restaurant,url,-122.3899399,37.73722006
1,Golden Gate Park,School,url,-122.468789,37.77142602
1,Eureka Valley Recreation Center,Groceries,url,-122.436243,37.76048001
1,San Francisco Zoo,Park,url,-122.5068199,37.73541003
1,Coit Tower,Restaurant,url,-122.405884,37.80231199
1,San Francisco General Hospital,Restaurant,url,-122.405817,37.75632799
1,Mission St. sidewalk,Park,url,-122.419618,37.74711599
1,Portsmouth Square,Cafe ,url,-122.40478,37.79445006
1,Coit Tower,School,url,-122.405884,37.80231199
1,Moscone Center South,Cafe ,url,-122.400544,37.78391099
1,3rd Street Light Rail,Groceries,url,-122.3886699,37.76046006
1,Terminal 1,Cafe ,url,-122.399165,37.62043
1,Portsmouth Square,Park,url,-122.40478,37.79445006
1,,Groceries,url,-122.410797,37.79761
1,,School,url,-122.399165,37.62043
1,Civic Center Courthouse,Groceries,url,-122.418795,37.78041301
1,Westside Pump Station,Cafe ,url,-122.5031158,37.72524523
1,Hotel,Park,url,-122.3937406,37.61242626
1,Hall of Justice,Cafe ,url,-122.4048499,37.77438005
1,Eureka Valley Recreation Center,Park,url,-122.436243,37.76048001
1,Westside Courts,School,url,-122.4416025,37.7849495
1,San Francisco General Hospital,School,url,-122.405817,37.75632799
1,Terminal 1,Park,url,-122.399165,37.62043
1,SFPD  Northern Station,Cafe ,url,-122.432282,37.78035199
1,San Francisco General Hospital,Restaurant,url,-122.405817,37.75632799
1,Terminal 1,Cafe ,url,-122.399165,37.62043
1,Terminal 3 East,Groceries,url,-122.399165,37.62043
1,North Beach Garage,School,url,-122.409541,37.79837602
1,International Terminal,School,url,-122.399165,37.62043
1,Coit Tower,Cafe ,url,-122.405884,37.80231199
1,3rd Street Light Rail,School,url,-122.3897999,37.77292005
1,,Cafe ,url,-122.4066399,37.79789003
1,3rd Street Light Rail,Park,url,-122.3862709,37.74909209
1,Sunnyside Playground,School,url,-122.4488999,37.73307005
1,Terminal 3,Park,url,-122.399165,37.62043
1,Upper Noe Recreation Center,School,url,-122.428479,37.74257702
1,West Portal Playground,Park,url,-122.4651058,37.74227726
1,Washington Square,Park,url,-122.410012,37.80084101
1,Kidpower Park,Cafe ,url,-122.420223,37.76406398
1,Terminal 3,Groceries,url,-122.399165,37.62043
1,Moscone Convention Center,School,url,-122.401875,37.784395
1,Eureka Valley Recreation Center,Restaurant,url,-122.436243,37.76048001
1,Maritime Plaza,Park,url,-122.3981699,37.79620003
1,Upper Noe Recreation Center,Cafe ,url,-122.428479,37.74257702
1,Coit Tower,Restaurant,url,-122.405884,37.80231199
1,SFPD  Bayview Station,Restaurant,url,-122.39788,37.729803
1,Bill Graham Civic Center Auditorium,Park,url,-122.41732,37.77806101
1,Golden Gate Park,Groceries,url,-122.4683123,37.77089834
1,Betty Ann Ong Chinese Recreation Center,School,url,-122.411507,37.79434399
1,Terminal 2,School,url,-122.399165,37.62043
1,Wo Hei Yuen Park,School,url,-122.4099799,37.79605004
1,Terminal 1,Restaurant,url,-122.399165,37.62043
1,Fire Chief's Home,Cafe ,url,-122.411599,37.789968
1,City Hall,School,url,-122.4184766,37.77939476
1,United Nations Plaza,Groceries,url,-122.417734,37.78012602
1,Laguna Honda Hospital,Restaurant,url,-122.455811,37.748793
1,Public Utilities Commission,Park,url,-122.5074699,37.74541006
1,Sunnyside Conservatory,School,url,-122.440806,37.73190099
1,Market and Bush St.,Cafe ,url,-122.3991399,37.79105002
1,Hotel,Restaurant,url,-122.3937406,37.61242626
1,International Terminal,Cafe ,url,-122.399165,37.62043
1,Laguna Honda Hospital,Cafe ,url,-122.455811,37.748793
1,Parque Ninos Unidos,Park,url,-122.413704,37.75421679
1,San Francisco General Hospital,Groceries,url,-122.405817,37.75632799
1,DeYoung Museum,Restaurant,url,-122.468789,37.77142602
1,Portsmouth Square,Restaurant,url,-122.40478,37.79445006
1,Hotel,Cafe ,url,-122.3937406,37.61242626
1,3rd Street Light Rail,Cafe ,url,-122.3886699,37.76046006
1,Parque Ninos Unidos,Park,url,-122.413704,37.75421679
1,Terminal 2,Groceries,url,-122.399165,37.62043
1,Richmond Recreation Center,Cafe ,url,-122.4775025,37.78318718
1,Palega Recreation Center,Groceries,url,-122.409818,37.72908199
1,Laguna Honda Hospital,Groceries,url,-122.455811,37.748793
1,3rd Street Light Rail,Groceries,url,-122.4052299,37.70890004
1,Portsmouth Square,School,url,-122.40478,37.79445006
1,Trocadero Clubhouse,School,url,-122.4677361,37.74024622
1,MUNI terminal,Cafe ,url,-122.51005,37.77326002
1,Helen Wills Playground,Groceries,url,-122.4201299,37.79622002
1,City Hall,Cafe ,url,-122.4184766,37.77939476
1,Hagiwara Tea Garden,School,url,-122.4687267,37.77052645
1,Richmond Public Library,Park,url,-122.468039,37.78186099
1,Miraloma Field House,Restaurant,url,-122.4487099,37.73924006
1,Mission Recreation Center,School,url,-122.412586,37.758149
1,Octavia Blvd.,Restaurant,url,-122.4242999,37.77480003
1,Sunnyside Conservatory,Park,url,-122.440806,37.73190099
1,Laguna Honda Hospital,Restaurant,url,-122.455811,37.748793
1,Golden Gate Park,School,url,-122.4677186,37.76961583
1,Portola Library,School,url,-122.406362,37.727114
1,,Park,url,-122.409109,37.79721102
1,City Hall,Cafe ,url,-122.4184766,37.77939476
1,Golden Gate Park,Park,url,-122.468789,37.77142602
1,Koret Children's Quarters,School,url,-122.4606399,37.76742006
1,Maritime Plaza Park,Groceries,url,-122.3981699,37.79620003
1,CCSF Ocean Campus,Groceries,url,-122.449584,37.72382699
1,Coit Tower,Park,url,-122.405884,37.80231199
1,3rd Street Light Rail,Restaurant,url,-122.3899399,37.73722006
1,CCSF Ocean Campus,Cafe ,url,-122.449584,37.72382699
1,Gene Friend Recreation Center,Restaurant,url,-122.406191,37.778779
1,Coit Tower,Cafe ,url,-122.405884,37.80231199
1,Long Term Parking Garage,Groceries,url,-122.40055,37.63655001
1,City Hall,Cafe ,url,-122.4184766,37.77939476
1,3rd Street Light Rail,Cafe ,url,-122.3892099,37.76880005
1,Jose Coronado Playground,Restaurant,url,-122.414812,37.75710101
1,Victoria Manalo Draves Park,Groceries,url,-122.4067299,37.77764003
1,3rd Street Light Rail,Groceries,url,-122.4026099,37.71227003
1,San Francisco General Hospital,Cafe ,url,-122.405817,37.75632799
1,Tenderloin Recreation Center,Cafe ,url,-122.415597,37.78467198
1,Main Library,Cafe ,url,-122.415746,37.77917798
1,Richmond Recreation Center,Restaurant,url,-122.477965,37.78321299
1,North Beach Pool,School,url,-122.412319,37.802796
1,Huntington Park,Groceries,url,-122.41246,37.79161006
1,North Beach Garage,Groceries,url,-122.409541,37.79837602
1,Coit Tower,Groceries,url,-122.405884,37.80231199
1,Ocean and Granada Ave.,Cafe ,url,-122.4573599,37.72414006
1,San Francisco General Hospital,Park,url,-122.405817,37.75632799
1,Legion of Honor,Restaurant,url,-122.496671,37.781705
1,Mission Dolores Park,Groceries,url,-122.4282399,37.75972006
1,Hotel,Park,url,-122.3937406,37.61242626
1,Terminal 2,Cafe ,url,-122.399165,37.62043
1,Sunnyside Conservatory,School,url,-122.440806,37.73190099
1,Coit Tower,Restaurant,url,-122.405884,37.80231199
1,San Francisco General Hospital,Park,url,-122.405817,37.75632799
1,,School,url,-122.4379374,37.80711244
1,Portsmouth Square,Restaurant,url,-122.40478,37.79445006
1,Ellis-O'Farrell Parking Garage,School,url,-122.407099,37.786041
1,3rd Street Light Rail,Cafe ,url,-122.3886699,37.76046006
1,City Hall,School,url,-122.4184766,37.77939476
1,Coit Tower,Restaurant,url,-122.405884,37.80231199
1,McLaren Park,Cafe ,url,-122.4185399,37.71873004
1,San Francisco General Hospital,School,url,-122.405817,37.75632799
1,Trocadero Clubhouse,Groceries,url,-122.4677361,37.74024622
1,International Terminal,School,url,-122.399165,37.62043
1,Terminal 2,Cafe ,url,-122.41964,37.77712
1,Hotel,Restaurant,url,-122.3937406,37.61242626
1,SFPD Hall of Justice,School,url,-122.403864,37.77532201
1,Parque Ninos Unidos,Groceries,url,-122.413704,37.75421679
1,Laguna Honda Hospital,School,url,-122.455811,37.748793
1,Sava Pool,School,url,-122.475662,37.737793
1,San Francisco Public Library Bayview Branch,Cafe ,url,-122.391314,37.73248202
1,SFPD  Public Safety Building,Cafe ,url,-122.389065,37.772515
1,,Restaurant,url,-122.4478699,37.78228004
1,Civic Center Courthouse,School,url,-122.418795,37.78041301
1,Junipero Serra Playground,Restaurant,url,-122.474146,37.72508399
1,SFSU,Cafe ,url,-122.4770799,37.7208625
1,Sava Pool,Cafe ,url,-122.475662,37.737793
1,Laguna Honda Hospital,Park,url,-122.455811,37.748793
1,Octavia Blvd.,School,url,-122.4245699,37.77621003
1,Randall Museum,Cafe ,url,-122.438148,37.76442298
1,3rd Street Light Rail,Cafe ,url,-122.3916099,37.73244003
1,Sunnyside Playground,School,url,-122.4488999,37.73307005
1,Portsmouth Square,Park,url,-122.40478,37.79445006
1,San Francisco General Hospital,School,url,-122.405817,37.75632799
1,Hotel,Park,url,-122.3937406,37.61242626
1,Chinatown Library,Cafe ,url,-122.410195,37.795231
1,Rochambeau Playground,Park,url,-122.4850171,37.78491013
1,Sunnyside Conservatory,Park,url,-122.440806,37.73190099
1,Sava Pool,Park,url,-122.475662,37.737793
1,Parque Ninos Unidos,Restaurant,url,-122.413704,37.75421679
1,California Academy of Sciences,School,url,-122.466863,37.769883
1,International Terminal,School,url,-122.399165,37.62043
1,Griffith Pump Station,Park,url,-122.381611,37.724928
1,International Terminal,Restaurant,url,-122.399165,37.62043
1,San Francisco General Hospital,Restaurant,url,-122.405817,37.75632799
1,Golden Gate Park,Cafe ,url,-122.468789,37.77142602
1,3rd Street Light Rail,Cafe ,url,-122.3875999,37.74901004
1,Terminal 3 East,Groceries,url,-122.399165,37.62043
1,3rd Street Light Rail,Groceries,url,-122.3886699,37.76046006
1,,Park,url,-122.418711,37.77812199
1,Chinatown Library,Restaurant,url,-122.410195,37.795231
1,Terminal 1,Groceries,url,-122.399165,37.62043
1,African American Art and Culture Complex,Restaurant,url,-122.4287419,37.77813313
1,Office of the Chief Medical Examiner,Groceries,url,-122.377978,37.73976799
1,Mission St. sidewalk,Restaurant,url,-122.4191199,37.74676005
1,Sava Pool,Restaurant,url,-122.475662,37.737793
1,San Francisco General Hospital,Restaurant,url,-122.405817,37.75632799
1,3rd Street Light Rail,Park,url,-122.3880099,37.74273003
1,Holly Park,Groceries,url,-122.4210899,37.73726004
1,Sunnyside Conservatory,Cafe ,url,-122.440806,37.73190099
1,City Hall,Cafe ,url,-122.4184766,37.77939476
1,MUNI terminal,Cafe ,url,-122.51005,37.77326002
1,Portsmouth Square,School,url,-122.40478,37.79445006
1,North Beach Garage,Park,url,-122.409541,37.79837602
1,Golden Gate Park,School,url,-122.468789,37.77142602
1,Coit Tower,Park,url,-122.405884,37.80231199
1,Trocadero Clubhouse,Groceries,url,-122.4677361,37.74024622
1,Coit Tower,Park,url,-122.405884,37.80231199
1,Main Library,Cafe ,url,-122.415746,37.77917798
1,Golden Gate Park,School,url,-122.468789,37.77142602
1,San Francisco General Hospital,Groceries,url,-122.405817,37.75632799
1,San Francisco Public Library Bayview Branch,School,url,-122.391314,37.73248202
1,Woh Hei Yuen Park,Cafe ,url,-122.4099799,37.79605004
1,Laguna Honda Hospital,Cafe ,url,-122.455811,37.748793
1,Hamilton Recreation Center,School,url,-122.435069,37.78439299
1,Mission Library,School,url,-122.419704,37.75199702
1,City Hall,Park,url,-122.4184766,37.77939476
1,Hotel,Cafe ,url,-122.3937406,37.61242626
1,Terminal 2,Groceries,url,-122.399165,37.62043
1,Gene Friend Recreation Center,School,url,-122.406191,37.778779
1,International Terminal,School,url,-122.399165,37.62043
1,Terminal 1,Park,url,-122.399165,37.62043
1,Eureka Valley Recreation Center,Groceries,url,-122.436243,37.76048001
1,Union Square,Park,url,-122.4075,37.78793099
1,,Park,url,-122.404849,37.791002
1,Pier 40,Groceries,url,-122.3896999,37.77996005
1,Parque Ninos Unidos,Park,url,-122.413704,37.75421679
1,Kidpower Park,Restaurant,url,-122.420223,37.76406398
1,J.P. Murphy Playground Clubhouse,Groceries,url,-122.465231,37.75153501
1,Sava Pool,School,url,-122.475662,37.737793
1,3rd Street Light Rail,Restaurant,url,-122.3897999,37.77292005
1,Chinatown Library,Groceries,url,-122.410195,37.795231
1,Kidpower Park,Park,url,-122.420223,37.76406398
1,Embarcadero,Groceries,url,-122.4059699,37.80663005
1,Assessor-Recorder Office,School,url,-122.4184766,37.77939476
1,3rd Street Light Rail,Park,url,-122.3907699,37.73483004
1,North Beach Garage,Groceries,url,-122.409541,37.79837602
1,Chinatown Portsmouth Square,Restaurant,url,-122.40478,37.79445006
1,SFPD  Taraval Station,School,url,-122.481369,37.743724
1,Eureka Valley Recreation Center,Groceries,url,-122.436243,37.76048001
1,San Francisco General Hospital,Cafe ,url,-122.405817,37.75632799
1,Terminal 3,Park,url,-122.399165,37.62043
1,Parque Ninos Unidos,Restaurant,url,-122.413704,37.75421679
1,Coit Tower,Cafe ,url,-122.405884,37.80231199
1,Sava Pool,Cafe ,url,-122.475662,37.737793
1,Terminal 3,Restaurant,url,-122.399165,37.62043
1,Chinatown Library,Park,url,-122.410195,37.795231
1,,Park,url,-122.4291199,37.76946004
1,Terminal 3 East,Cafe ,url,-122.399165,37.62043
1,City Hall,Cafe ,url,-122.4184766,37.77939476
1,Hayes Valley Playground,School,url,-122.4278999,37.77625006
1,Woh Hei Yuen Park,Restaurant,url,-122.4099799,37.79605004
1,San Francisco Fire Department Fire Station #39,Park,url,-122.458756,37.74009899
1,California Academy of Sciences,Cafe ,url,-122.466863,37.769883
1,,Cafe ,url,-122.40199,37.78877006
1,Islais Creek,Groceries,url,-122.3904499,37.75007006
1,Sava Pool,School,url,-122.475662,37.737793
1,Octavia Blvd.,Cafe ,url,-122.4241099,37.77388003
1,San Francisco General Hospital,School,url,-122.405817,37.75632799
1,San Francisco General Hospital,School,url,-122.405817,37.75632799
1,San Francisco General Hospital,School,url,-122.405817,37.75632799
1,San Francisco General Hospital,Cafe ,url,-122.405817,37.75632799
1,,Restaurant,url,-122.4291199,37.76946004
1,Secure Connector,Groceries,url,-122.399165,37.62043
1,Terminal 2,Groceries,url,-122.399165,37.62043
1,Japantown,Cafe ,url,-122.430103,37.78574202
1,Terminal 1,Groceries,url,-122.399165,37.62043
1,,Cafe ,url,-122.4736699,37.75623005
1,3rd Street Light Rail,School,url,-122.3941499,37.77643006
1,Terminal 1,Park,url,-122.399165,37.62043
1,San Francisco General Hospital,School,url,-122.405817,37.75632799
1,North Beach Garage,Restaurant,url,-122.409541,37.79837602
1,International Terminal,Park,url,-122.399165,37.62043
1,Terminal 3,Cafe ,url,-122.399165,37.62043
1,Noe Valley Town Square,Cafe ,url,-122.428975,37.75136402
1,Sava Pool,Cafe ,url,-122.475662,37.737793
1,International Terminal,School,url,-122.399165,37.62043
1,Coit Tower,Groceries,url,-122.405884,37.80231199
1,MUNI terminal,Cafe ,url,-122.51005,37.77326002
1,Parque Ninos Unidos,Park,url,-122.413704,37.75421679
1,San Francisco Public Library Bayview Branch,Restaurant,url,-122.391314,37.73248202
1,Gene Friend Recreation Center,Groceries,url,-122.406191,37.778779
1,International Terminal,Restaurant,url,-122.399165,37.62043
1,,School,url,-122.4034599,37.78766005
1,Eureka Valley Recreation Center,Groceries,url,-122.436243,37.76048001
1,Terminal 1,Groceries,url,-122.399165,37.62043
1,Parque Ninos Unidos,School,url,-122.413704,37.75421679
1,Sava Pool,Park,url,-122.475662,37.737793
1,Franklin Square,Park,url,-122.4084956,37.76449899
1,Terminal 3,Restaurant,url,-122.399165,37.62043
1,Gene Friend Recreation Center,School,url,-122.406191,37.778779
1,Eureka Valley Recreation Center,Park,url,-122.436243,37.76048001
1,Hotel,Restaurant,url,-122.3937406,37.61242626
1,Ingleside,Groceries,url,-122.4448099,37.72293005
1,Terminal 3,Park,url,-122.399165,37.62043
1,Ocean Park Health Center,School,url,-122.482718,37.762391
1,Noe Valley Town Square,Restaurant,url,-122.428975,37.75136402
1,Terminal 3,School,url,-122.399165,37.62043
1,International Terminal,Cafe ,url,-122.399165,37.62043
1,"Moscone Convention Center, South",Groceries,url,-122.4026999,37.78327003
1,California Academy of Sciences,Cafe ,url,-122.466863,37.769883
1,Sava Pool,Park,url,-122.475662,37.737793
1,Glen Park Library,Groceries,url,-122.433626,37.73397999
1,Kidpower Park,Groceries,url,-122.420223,37.76406398
1,Embarcadero Plaza,Cafe ,url,-122.3947899,37.79450006
1,Metro East Vehicles Operation and Maintenance Fac,Cafe ,url,-122.385432,37.751943
1,Coit Tower,Groceries,url,-122.405884,37.80231199
1,Terminal 3,Park,url,-122.399165,37.62043
1,3rd Street Light Rail,Cafe ,url,-122.4026099,37.71227003
1,Washington Square,Groceries,url,-122.4093599,37.80137003
1,3rd Street Light Rail,Cafe ,url,-122.3889599,37.76432005
1,Terminal 2,Restaurant,url,-122.399165,37.62043
1,San Francisco General Hospital,Restaurant,url,-122.405817,37.75632799
1,North Beach Garage,Cafe ,url,-122.409541,37.79837602
1,San Francisco Zoo,Groceries,url,-122.5068199,37.73541003
1,Kidpower Park,Restaurant,url,-122.420223,37.76406398
1,3rd Street Light Rail,Cafe ,url,-122.4026099,37.71227003
1,Coit Tower,Groceries,url,-122.405884,37.80231199
1,Visitacion Valley Library,Groceries,url,-122.404743,37.71136801
1,CCSF Ocean Campus,Restaurant,url,-122.449584,37.72382699
1,Mission and 22nd St.,Groceries,url,-122.4187399,37.75545003
1,Spring Valley Water Co. building,Park,url,-122.410199,37.78750301
1,,Park,url,-122.40889,37.79780299
1,,Restaurant,url,-122.4291199,37.76946004
1,Sava Pool,Restaurant,url,-122.475662,37.737793
1,City Hall,Park,url,-122.4184766,37.77939476
1,SFPD  Taraval Station,School,url,-122.481369,37.743724
1,Tenderloin Recreation Center,School,url,-122.415597,37.78467198
1,Octavia Blvd.,Cafe ,url,-122.4235899,37.77178003
1,Eureka Valley Recreation Center,Restaurant,url,-122.436243,37.76048001
1,San Francisco Botanical Garden,Cafe ,url,-122.470886,37.76890202
1,Parque Ninos Unidos,Cafe ,url,-122.413704,37.75421679
1,Eureka Valley Recreation Center,School,url,-122.436243,37.76048001
1,Sunnyside Conservatory,School,url,-122.440806,37.73190099
1,,Groceries,url,-122.4099591,37.79754197
1,Main Library,Park,url,-122.415746,37.77917798
1,Civic Center Courthouse,Groceries,url,-122.418795,37.78041301
1,Laguna Honda Hospital,Cafe ,url,-122.455811,37.748793
1,Valencia Gardens Apartments,Park,url,-122.42229,37.76665001
1,Douglass Playground Fieldhouse,Groceries,url,-122.4381399,37.74783004
1,Sunnyside Conservatory,Park,url,-122.440806,37.73190099
1,George Christopher Playground,Cafe ,url,-122.440255,37.74400102
1,3rd Street Light Rail,Restaurant,url,-122.3889599,37.76432005
1,,Restaurant,url,-122.3982481,37.7969565
1,George Christopher Playground,Groceries,url,-122.440255,37.74400102
1,Arts Commission,Groceries,url,-122.421017,37.779577
1,Union Square,Cafe ,url,-122.4075,37.78793099
1,Sunnyside Conservatory,Groceries,url,-122.440806,37.73190099
1,Mission Playground,Groceries,url,-122.4213399,37.75938005
1,SFPD  Youth Guidance Center (Juvenile Hall),School,url,-122.452509,37.74588502
1,Sunnyside Playground,School,url,-122.4488999,37.73307005
1,Hamilton Recreation Center,Cafe ,url,-122.435069,37.78439299
1,San Francisco General Hospital,Cafe ,url,-122.405817,37.75632799
1,Terminal 3 East,Park,url,-122.399165,37.62043
1,Hotel,Cafe ,url,-122.3937406,37.61242626
1,International Terminal,Cafe ,url,-122.399165,37.62043
1,Lincoln Park,Park,url,-122.4977052,37.78326697
1,3rd Street Light Rail,Cafe ,url,-122.3916099,37.73244003
1,Moscone Recreation Center,School,url,-122.4316799,37.80328006
1,Lake Merced,Restaurant,url,-122.499527,37.72557102
1,Valencia Gardens Apartments,Restaurant,url,-122.42229,37.76665001
1,CCSF Ocean Campus,Park,url,-122.449584,37.72382699
1,San Francisco General Hospital,Restaurant,url,-122.405817,37.75632799
1,Terminal 2,Restaurant,url,-122.399165,37.62043
1,,School,url,-122.407499,37.79807402
1,North Point Wet Weather Facility,Restaurant,url,-122.408132,37.80638866
1,SFPD  Bayview Station,School,url,-122.39788,37.729803
1,San Francisco General Hospital,Groceries,url,-122.405817,37.75632799
1,3rd Street Light Rail,Groceries,url,-122.3888299,37.74038004
1,San Francisco Zoo,School,url,-122.5068199,37.73541003
1,Civic Center Courthouse,Cafe ,url,-122.418795,37.78041301
1,San Francisco General Hospital,Park,url,-122.405817,37.75632799
1,MUNI terminal,Park,url,-122.51005,37.77326002
1,Tenderloin Recreation Center,Restaurant,url,-122.415597,37.78467198
1,Hotel,Park,url,-122.3937406,37.61242626
1,Ocean View Library,Groceries,url,-122.465964,37.71413198
1,3rd Street Light Rail,Park,url,-122.3886699,37.76046006
1,Joseph Lee Recreation Center,Cafe ,url,-122.389792,37.734944
1,Valencia Gardens Apartments,School,url,-122.42229,37.76665001
1,CCSF Ocean Campus,School,url,-122.449584,37.72382699
1,Eureka Valley Recreation Center,Park,url,-122.436243,37.76048001
1,San Francisco Zoo,School,url,-122.5068199,37.73541003
1,City Hall,School,url,-122.4184766,37.77939476
1,City Hall,Park,url,-122.4184766,37.77939476
1,Trocadero Clubhouse,Cafe ,url,-122.4677361,37.74024622
1,International Terminal,Cafe ,url,-122.399165,37.62043
1,Koret Children's Quarters,Restaurant,url,-122.4606399,37.76742006
1,Maritime Plaza Park,Groceries,url,-122.3981699,37.79620003
1,Sherriff's Facility,Groceries,url,-122.405221,37.77494701
1,Chinatown Library,Park,url,-122.410195,37.795231
1,Octavia Blvd.,Park,url,-122.4245699,37.77621003
1,Embarcadero Pier 7,Cafe ,url,-122.38771,37.78707005
1,Sava Pool,Groceries,url,-122.475662,37.737793
1,Telegraph Hill,Park,url,-122.4062799,37.80352003
1,SFPD  Mission Station,Cafe ,url,-122.421984,37.76292899
1,Octavia Blvd.,Groceries,url,-122.4235899,37.77178003
1,Golden Gate Park,Park,url,-122.4683123,37.77089834
1,Gene Friend Recreation Center,Cafe ,url,-122.406191,37.778779
1,Portsmouth Square,Park,url,-122.40478,37.79445006
1,Trocadero Clubhouse,School,url,-122.4677361,37.74024622
1,Alice Chambers Clubhouse,Park,url,-122.447003,37.70953199
1,3rd Street Light Rail,Cafe ,url,-122.3927299,37.72927003
1,Sava Pool,Restaurant,url,-122.475662,37.737793
1,Portsmouth Square,School,url,-122.40478,37.79445006
1,Embarcadero Pier 7,Park,url,-122.38771,37.78707005
1,San Francisco General Hospital,Groceries,url,-122.405817,37.75632799
1,City Hall,Park,url,-122.4184766,37.77939476
1,International Terminal,Restaurant,url,-122.399165,37.62043
1,Cabrillo Playground,Park,url,-122.4982313,37.77283722
1,Upper Noe Recreation Center,School,url,-122.428479,37.74257702
1,Terminal 1,Cafe ,url,-122.399165,37.62043
1,Laguna Honda Hospital,Groceries,url,-122.455811,37.748793
1,Chan Kaajal Park,School,url,-122.415227,37.76375748
1,Woh Hei Yuen Park,Groceries,url,-122.4099799,37.79605004
1,Golden Gate Park,School,url,-122.510542,37.76981502
1,,Restaurant,url,-122.399165,37.62043
1,Mission St. sidewalk,Restaurant,url,-122.419436,37.74578301
1,Valencia Gardens Apartments,Cafe ,url,-122.42229,37.76665001
1,Golden Gate Park,Cafe ,url,-122.4658099,37.77260003
1,3rd Street Light Rail,Park,url,-122.3889599,37.76432005
1,SFPD  Bayview Station,Park,url,-122.39788,37.729803
1,Hamilton Recreation Center,Park,url,-122.435069,37.78439299
1,Sunnyside Conservatory,Groceries,url,-122.440806,37.73190099
1,Coit Tower,School,url,-122.405884,37.80231199
1,3rd Street Light Rail,Groceries,url,-122.3899399,37.73722006
1,,Groceries,url,-122.4291199,37.76946004
1,Terminal 1,Groceries,url,-122.399165,37.62043
1,3rd Street Light Rail,Cafe ,url,-122.3910599,37.73404005
1,Coit Tower,Restaurant,url,-122.405884,37.80231199
1,Cayuga Playground,Groceries,url,-122.449716,37.714271
1,Sunnyside Playground,Park,url,-122.4488999,37.73307005
1,Terminal 1,Cafe ,url,-122.399165,37.62043
1,Helen Wills Playground,Park,url,-122.4201299,37.79622002
1,San Francisco Zoo,School,url,-122.5068199,37.73541003
1,Laguna Honda Hospital,Park,url,-122.455811,37.748793
1,Cabrillo Playground,School,url,-122.4982313,37.77283722
1,Terminal 3,Groceries,url,-122.399165,37.62043
1,San Francisco General Hospital,Restaurant,url,-122.405817,37.75632799
1,Coit Tower,Park,url,-122.405884,37.80231199
1,Golden Gate Park,Park,url,-122.4658799,37.77338005
1,Upper Noe Recreation Center,School,url,-122.428479,37.74257702
1,Ocean and Granada Ave.,School,url,-122.4573599,37.72414006
1,Terminal 1,School,url,-122.399165,37.62043
1,3rd Street Light Rail,School,url,-122.4052299,37.70890004
1,Tenderloin Recreation Center,School,url,-122.415597,37.78467198
1,Polk-Bush Garage,Groceries,url,-122.420007,37.78861902
1,San Francisco Zoo,Park,url,-122.5068199,37.73541003
1,3rd Street Light Rail,Park,url,-122.3886699,37.76046006
1,Gene Friend Recreation Center,Restaurant,url,-122.406191,37.778779
1,Hotel,Cafe ,url,-122.3937406,37.61242626
1,Sunnyside Conservatory,Park,url,-122.440806,37.73190099
1,Mission and 22nd St.,Groceries,url,-122.4187399,37.75545003
1,Laguna Honda Hospital,Groceries,url,-122.455811,37.748793
1,Terminal 3,Groceries,url,-122.399165,37.62043
1,Trocadero Clubhouse,Cafe ,url,-122.4677361,37.74024622
1,Golden Gate Park,Cafe ,url,-122.45917,37.77130004
1,Kidpower Park,School,url,-122.420223,37.76406398
1,Rochambeau Playground,Cafe ,url,-122.4850171,37.78491013
1,Mission Recreation Center,Groceries,url,-122.412586,37.758149
1,Sunnyside Conservatory,Park,url,-122.440806,37.73190099
1,Ortega Library,School,url,-122.498099,37.75117002
1,Octavia Blvd.,Park,url,-122.4244799,37.77572003
1,Sunnyside Conservatory,Groceries,url,-122.440806,37.73190099
1,Hotel,Park,url,-122.3937406,37.61242626
1,Golden Gate Park,Groceries,url,-122.468789,37.77142602
1,Coit Tower,Groceries,url,-122.405884,37.80231199
1,Richmond Recreation Center,Park,url,-122.477246,37.78321999
1,Golden Gate Park,Restaurant,url,-122.468789,37.77142602
1,Victoria Manalo Draves Park,Park,url,-122.4067299,37.77764003
1,Sunnyside Conservatory,Cafe ,url,-122.440806,37.73190099
1,Sunset Recreation Center & Playground,Groceries,url,-122.48667,37.75721702
1,Mission Library,Park,url,-122.419704,37.75199702
1,Eureka Valley Recreation Center,Groceries,url,-122.436243,37.76048001
1,North Beach Garage,School,url,-122.409541,37.79837602
1,Golden Gate Park,School,url,-122.468789,37.77142602
1,Eureka Valley Recreation Center,Groceries,url,-122.436243,37.76048001
1,Sava Pool,Park,url,-122.475662,37.737793
1,San Francisco General Hospital,Restaurant,url,-122.405817,37.75632799
1,Junipero Serra Playground,School,url,-122.474146,37.72508399
1,3rd Street Light Rail,Cafe ,url,-122.3941499,37.77643006
1,Lincoln Park,School,url,-122.496671,37.781705
1,Lake Merced,Cafe ,url,-122.4935599,37.72959005
1,,Restaurant,url,-122.408423,37.79785898
1,San Francisco Zoo,Park,url,-122.5068199,37.73541003
1,MUNI terminal,Cafe ,url,-122.51005,37.77326002
1,Tenderloin Recreation Center,Groceries,url,-122.415597,37.78467198
1,Parque Ninos Unidos,Restaurant,url,-122.413704,37.75421679
1,Mission St. sidewalk,Park,url,-122.420435,37.74527498
1,Trocadero Clubhouse,Restaurant,url,-122.4677361,37.74024622
1,Parque Ninos Unidos,Cafe ,url,-122.413704,37.75421679
1,Sava Pool,Restaurant,url,-122.475662,37.737793
1,Trocadero Clubhouse,Cafe ,url,-122.4677361,37.74024622
1,Terminal 3,Groceries,url,-122.399165,37.62043
1,Valencia Gardens Apartments,Restaurant,url,-122.42229,37.76665001
1,Golden Gate Park,Park,url,-122.4586799,37.76719006
1,North Beach Garage,Park,url,-122.409541,37.79837602
1,Eureka Valley Recreation Center,School,url,-122.436243,37.76048001
1,City Hall,School,url,-122.4184766,37.77939476
1,Kidpower Park,School,url,-122.420223,37.76406398
1,Union Square,Cafe ,url,-122.4075,37.78793099
1,CCSF Ocean Campus,School,url,-122.449584,37.72382699
1,Sherriff's Facility,Groceries,url,-122.405221,37.77494701
1,16th & Hoff St. Garage,Restaurant,url,-122.420661,37.764411
1,Sunnyside Conservatory,Cafe ,url,-122.440806,37.73190099
1,Octavia Blvd.,School,url,-122.4242999,37.77480003
1,Sava Pool,Cafe ,url,-122.475662,37.737793
1,Eureka Valley Recreation Center,School,url,-122.436243,37.76048001
1,Woh Hei Yuen Park,Cafe ,url,-122.4099799,37.79605004
1,Coit Tower,School,url,-122.405884,37.80231199
1,Portsmouth Square,Park,url,-122.40478,37.79445006
1,Terminal 3,Groceries,url,-122.399165,37.62043
1,CCSF Ocean Campus,Park,url,-122.449584,37.72382699
1,Trocadero Clubhouse,Groceries,url,-122.4677361,37.74024622
1,The Embarcadero,Groceries,url,-122.3892599,37.78028003
1,Hotel,Cafe ,url,-122.3937406,37.61242626
1,Hotel,Groceries,url,-122.3937406,37.61242626
1,Trocadero Clubhouse,Groceries,url,-122.4677361,37.74024622
1,Davies Symphony Hall,Cafe ,url,-122.420614,37.77761798
1,Ingleside Library,Park,url,-122.456251,37.72413599
1,Terminal 3,Park,url,-122.399165,37.62043
1,Tenderloin Recreation Center,Restaurant,url,-122.415597,37.78467198
1,North Beach Garage,Cafe ,url,-122.409541,37.79837602
1,Sava Pool,Groceries,url,-122.475662,37.737793
1,Civic Center Courthouse,Cafe ,url,-122.418795,37.78041301
1,Laguna Honda Hospital,Restaurant,url,-122.455811,37.748793
1,Laguna Honda Hospital,Restaurant,url,-122.455811,37.748793
1,Portsmouth Square,School,url,-122.40478,37.79445006
1,Coit Tower,Park,url,-122.405884,37.80231199
1,Golden Gate Park,Park,url,-122.4677186,37.76961583
1,Bayview Gateway,Restaurant,url,-122.3871099,37.74611003
1,Main Library,Restaurant,url,-122.415746,37.77917798
1,Portsmouth Square,Restaurant,url,-122.40478,37.79445006
1,Coit Tower,Restaurant,url,-122.405884,37.80231199
1,Civic Center Courthouse,Cafe ,url,-122.418795,37.78041301
1,Mission St. sidewalk,Groceries,url,-122.423002,37.741266
1,Sunnyside Conservatory,Groceries,url,-122.440806,37.73190099
1,Muriel Leff Mini Park,Park,url,-122.4652199,37.77904006
1,International Terminal,Restaurant,url,-122.399165,37.62043
1,San Francisco Zoo,Restaurant,url,-122.5068199,37.73541003
1,San Francisco Public Library North Beach Library,Groceries,url,-122.412319,37.802796
1,Mission Bay Library,School,url,-122.3929457,37.77538908
1,Main Library,Cafe ,url,-122.415746,37.77917798
1,,Restaurant,url,-122.4028299,37.74944004
1,,School,url,-122.410489,37.79710901
1,City Hall,Restaurant,url,-122.4184766,37.77939476
1,Tenderloin Recreation Center,Groceries,url,-122.415597,37.78467198
1,African American Art and Culture Complex,Cafe ,url,-122.4287419,37.77813313
1,Chinese Historical Society of America,Groceries,url,-122.408851,37.79376702
1,Argonne Playground,Park,url,-122.477476,37.77918402
1,Golden Gate Park,Park,url,-122.510542,37.76981502
1,International Terminal,Groceries,url,-122.399165,37.62043
1,3rd Street Light Rail,Park,url,-122.3943299,37.72555006
1,Mission Recreation Center,Restaurant,url,-122.412586,37.758149
1,Terminal 1,Park,url,-122.399165,37.62043
1,George Christopher Playground,Restaurant,url,-122.440255,37.74400102
1,Golden Gate Park,Cafe ,url,-122.466863,37.769883
1,Japantown,Groceries,url,-122.42976,37.78558004
1,Trocadero Clubhouse,Park,url,-122.4677361,37.74024622
1,3rd Street Light Rail,School,url,-122.3892099,37.76880005
1,Terminal 2,School,url,-122.399165,37.62043
1,Arts Commission,Groceries,url,-122.421017,37.779577
1,Octavia Blvd.,Cafe ,url,-122.4237299,37.77201003
1,Ocean and Granada Ave.,Restaurant,url,-122.4573599,37.72414006
1,City Hall,Cafe ,url,-122.4184766,37.77939476
1,Harvey Milk Center for Rec Arts,Cafe ,url,-122.4349099,37.76911006
1,Tenderloin Recreation Center,Groceries,url,-122.415597,37.78467198
1,3rd Street Light Rail,School,url,-122.3886699,37.76046006
1,Trocadero Clubhouse,School,url,-122.4677361,37.74024622
1,Laguna Honda Hospital,Groceries,url,-122.455811,37.748793
1,Tenderloin Recreation Center,Cafe ,url,-122.415597,37.78467198
1,Department of Homelessness and Supporative Services,Restaurant,url,-122.4157695,37.78263411
1,Gene Friend Recreation Center,School,url,-122.406191,37.778779
1,Trocadero Clubhouse,Groceries,url,-122.4677361,37.74024622
1,SFPD  Tenderloin Station,Cafe ,url,-122.412946,37.78378899
1,Victoria Manalo Draves Park,Park,url,-122.4067299,37.77764003
1,Mission St. sidewalk,Cafe ,url,-122.4219599,37.74239006
1,Terminal 3,Cafe ,url,-122.399165,37.62043
1,Golden Gate Park,School,url,-122.4665455,37.76698814
1,Eureka Valley Recreation Center,School,url,-122.436243,37.76048001
1,3rd Street Light Rail,Groceries,url,-122.4052299,37.70890004
1,Sava Pool,Cafe ,url,-122.475662,37.737793
1,Golden Gate Park,Groceries,url,-122.4677186,37.76961583
1,Coit Tower,Restaurant,url,-122.405884,37.80231199
1,3rd Street Light Rail,Groceries,url,-122.3892099,37.76880005
1,Civic Center Courthouse,Groceries,url,-122.418795,37.78041301
1,Coit Tower,Cafe ,url,-122.405884,37.80231199
1,Sava Pool,Restaurant,url,-122.475662,37.737793
1,Silver Avenue Family Health Center #3,Groceries,url,-122.406393,37.73233601
1,Terminal 3 East,Cafe ,url,-122.399165,37.62043
1,Trocadero Clubhouse,School,url,-122.4677361,37.74024622
1,3rd Street Light Rail,Park,url,-122.3955699,37.72237005
1,SFPD  Bayview Station,Groceries,url,-122.39788,37.729803
1,Sunnyside Conservatory,Cafe ,url,-122.440806,37.73190099
1,Emergency Operations Center,Park,url,-122.426087,37.78110402
1,Trocadero Clubhouse,Park,url,-122.4677361,37.74024622
1,3rd Street Light Rail,Restaurant,url,-122.3916099,37.73244003
1,Huntington Park,Groceries,url,-122.41246,37.79161006
1,San Francisco General Hospital,Park,url,-122.405817,37.75632799
1,Ocean View Library,Groceries,url,-122.465964,37.71413198
1,Laguna Honda Hospital,Groceries,url,-122.455811,37.748793
1,City Hall,School,url,-122.4184766,37.77939476
1,San Francisco Public Library Bayview Branch,Park,url,-122.391314,37.73248202
1,3rd Street Light Rail,Park,url,-122.3941499,37.77643006
1,CCSF Ocean Campus,Park,url,-122.449584,37.72382699
1,Mission Library,Groceries,url,-122.419704,37.75199702
1,Koret Children's Quarters,School,url,-122.4606399,37.76742006
1,California Academy of Sciences,Park,url,-122.466863,37.769883
1,Control Tower,Restaurant,url,-122.399165,37.62043
1,CCSF Ocean Campus,Groceries,url,-122.449584,37.72382699
1,Hotel,Cafe ,url,-122.3937406,37.61242626
1,Kezar Stadium,Groceries,url,-122.4584663,37.76718426
1,San Francisco General Hospital,Restaurant,url,-122.405817,37.75632799
1,City Hall,Restaurant,url,-122.4184766,37.77939476
1,,Restaurant,url,-122.4269099,37.76920004
1,San Francisco General Hospital,Groceries,url,-122.405817,37.75632799
1,Gene Friend Recreation Center,Cafe ,url,-122.406191,37.778779
1,Terminal 1,School,url,-122.399165,37.62043
1,SOMA West McCoppin Hub,Park,url,-122.4225299,37.77159005
1,Civic Center Courthouse,Cafe ,url,-122.418795,37.78041301
1,Sava Pool,School,url,-122.475662,37.737793
1,California Academy of Sciences,Restaurant,url,-122.466863,37.769883
1,Mission Recreation Center,School,url,-122.412586,37.758149
1,Golden Gate Park,Park,url,-122.466863,37.769883
1,North Beach Garage,Restaurant,url,-122.409541,37.79837602
1,Water Supply and Treatment Division,School,url,-122.4263833,37.60492458
1,Tenderloin Recreation Center,Park,url,-122.415597,37.78467198
1,Main Library,Park,url,-122.415746,37.77917798
1,CCSF Ocean Campus,Cafe ,url,-122.449584,37.72382699
1,Richmond Recreation Center,Park,url,-122.4775033,37.78319903
1,Union Square,Groceries,url,-122.4075,37.78793099
1,Golden Gate Park,Park,url,-122.4665199,37.77259006
1,Betty Ann Ong Chinese Recreation Center,Groceries,url,-122.411507,37.79434399
1,Mission Recreation Center,Cafe ,url,-122.412586,37.758149
1,West Portal Playground,Restaurant,url,-122.4651058,37.74227726
1,Parque Ninos Unidos,Park,url,-122.413704,37.75421679
1,Performing Arts Garage,School,url,-122.422523,37.77817999
1,Ingleside,Restaurant,url,-122.4448099,37.72293005
1,Terminal 1,Groceries,url,-122.399165,37.62043
1,Coit Tower,Groceries,url,-122.405884,37.80231199
1,Recreation & Park Department : Balboa Pool,School,url,-122.443303,37.72621102
1,Human Services,Park,url,-122.420811,37.77086699
1,Maritime Plaza,Park,url,-122.3981699,37.79620003
1,Union Square,Park,url,-122.4075,37.78793099
1,Chan Kaajal Park,School,url,-122.415227,37.76375748
1,Ocean View Library,Restaurant,url,-122.465964,37.71413198
1,3rd Street Light Rail,Park,url,-122.3886699,37.76046006
1,Betty Ann Ong Chinese Recreation Center,Park,url,-122.411507,37.79434399
1,Laguna Honda Hospital,School,url,-122.455811,37.748793
1,Upper Noe Recreation Center,School,url,-122.428479,37.74257702
1,San Francisco General Hospital,School,url,-122.405817,37.75632799
1,3rd Street Light Rail,School,url,-122.3881099,37.75539006
1,Trocadero Clubhouse,Restaurant,url,-122.4677361,37.74024622
1,San Francisco General Hospital,Restaurant,url,-122.405817,37.75632799
1,San Francisco General Hospital,School,url,-122.405817,37.75632799
1,Sunnyside Playground,Restaurant,url,-122.4488999,37.73307005
1,Terminal 2,School,url,-122.399165,37.62043
1,Terminal 3,Park,url,-122.399165,37.62043
1,Terminal 2,Groceries,url,-122.399165,37.62043
1,Hotel,Park,url,-122.3937406,37.61242626
1,Valencia Gardens Apartments,Park,url,-122.42229,37.76665001
1,Parque Ninos Unidos,Restaurant,url,-122.413704,37.75421679
1,Eureka Valley Recreation Center,Groceries,url,-122.436243,37.76048001
1,Laguna Honda Hospital,Park,url,-122.455811,37.748793
1,Hotel,Groceries,url,-122.3937406,37.61242626
1,Coit Tower,Restaurant,url,-122.405884,37.80231199
1,International Terminal,School,url,-122.399165,37.62043
1,San Francisco General Hospital,Groceries,url,-122.405817,37.75632799
1,Tenderloin Recreation Center,Restaurant,url,-122.415597,37.78467198
1,Trocadero Clubhouse,Cafe ,url,-122.4677361,37.74024622
1,International Terminal,Park,url,-122.399165,37.62043
1,City Hall,School,url,-122.4184766,37.77939476
1,Trocadero Clubhouse,Groceries,url,-122.4677361,37.74024622
1,Terminal 3,Cafe ,url,-122.399165,37.62043
1,Chinatown Library,Restaurant,url,-122.410195,37.795231
1,Terminal 2,Groceries,url,-122.399165,37.62043
1,SFPD Public Safety Building,Cafe ,url,-122.3897099,37.77202005
1,Laguna Honda Hospital,School,url,-122.455811,37.748793
1,San Francisco General Hospital,School,url,-122.405817,37.75632799
1,Terminal 1,Park,url,-122.399165,37.62043
1,Coit Tower,Park,url,-122.405884,37.80231199
1,North Beach Pool,Cafe ,url,-122.412319,37.802796
1,Civic Center Courthouse,School,url,-122.418795,37.78041301
1,Terminal 1,Restaurant,url,-122.399165,37.62043
1,Ocean and Granada Ave.,Cafe ,url,-122.4573599,37.72414006
1,City Hall,Groceries,url,-122.4184766,37.77939476
1,Sunnyside Playground,Park,url,-122.4488999,37.73307005
1,San Francisco General Hospital,Park,url,-122.405817,37.75632799
1,Parque Ninos Unidos,Cafe ,url,-122.413704,37.75421679
1,Terminal 3,Groceries,url,-122.399165,37.62043
1,San Francisco General Hospital,Groceries,url,-122.405817,37.75632799
1,Sava Pool,Groceries,url,-122.475662,37.737793
1,Betty Ann Ong Chinese Recreation Center,School,url,-122.411507,37.79434399
1,West Portal Playground,School,url,-122.4651058,37.74227726
1,Tenderloin Recreation Center,Park,url,-122.415597,37.78467198
1,Laguna Honda Hospital,School,url,-122.455811,37.748793
1,Laguna Honda Hospital,Restaurant,url,-122.455811,37.748793
1,Chinatown Library,Cafe ,url,-122.410195,37.795231
1,Gene Friend Recreation Center,Cafe ,url,-122.406191,37.778779
1,Coit Tower,School,url,-122.405884,37.80231199
1,Laguna Honda Hospital,Restaurant,url,-122.455811,37.748793
1,Cabrillo Playground,Restaurant,url,-122.4982313,37.77283722
1,CCSF Ocean Campus,Groceries,url,-122.449584,37.72382699
1,International Terminal,School,url,-122.399165,37.62043
1,Moscone Center West,School,url,-122.4026999,37.78327003
1,Sunnyside Conservatory,School,url,-122.440806,37.73190099
1,City Hall,Cafe ,url,-122.4184766,37.77939476
1,Terminal 2,Groceries,url,-122.399165,37.62043
1,Golden Gate Park,Groceries,url,-122.4658099,37.77260003
1,San Francisco General Hospital,School,url,-122.405817,37.75632799
1,Golden Gate Park,Cafe ,url,-122.4683123,37.77089834
1,Koret Children's Quarters,Park,url,-122.4606399,37.76742006
1,Trocadero Clubhouse,Park,url,-122.4677361,37.74024622
1,Civic Center Courthouse,School,url,-122.418795,37.78041301
1,Embarcadero Pier 7,School,url,-122.38771,37.78707005
1,San Francisco General Hospital,Park,url,-122.405817,37.75632799
1,SFPD Hall of Justice,School,url,-122.403864,37.77532201
1,Parque Ninos Unidos,School,url,-122.413704,37.75421679
1,Hotel,Groceries,url,-122.3937406,37.61242626
1,West Portal Playground,Restaurant,url,-122.4651058,37.74227726
1,3rd Street Light Rail,Restaurant,url,-122.4026099,37.71227003
1,Terminal 1,School,url,-122.399165,37.62043
1,Terminal 2,Restaurant,url,-122.399165,37.62043
1,Sunnyside Conservatory,Cafe ,url,-122.440806,37.73190099
1,San Francisco General Hospital,Groceries,url,-122.405817,37.75632799
1,3rd Street Light Rail,School,url,-122.3897999,37.77292005
1,Hotel,School,url,-122.3937406,37.61242626
1,Terminal 1,Groceries,url,-122.399165,37.62043
1,Golden Gate Park,School,url,-122.4677186,37.76961583
1,San Francisco Public Library Bayview Branch,Cafe ,url,-122.391314,37.73248202
1,Sava Pool,Cafe ,url,-122.475662,37.737793
1,3rd Street Light Rail,School,url,-122.3916099,37.73244003
1,Sunnyside Playground,School,url,-122.4488999,37.73307005
1,Tenderloin Recreation Center,Cafe ,url,-122.415597,37.78467198
1,SFPD  Mission Station,Cafe ,url,-122.421984,37.76292899
1,Laguna Honda Hospital,Park,url,-122.455811,37.748793
1,Legion of Honor,Cafe ,url,-122.496671,37.781705
1,Carl Larsen Park,Groceries,url,-122.4755699,37.74119002
1,MUNI terminal,Groceries,url,-122.51005,37.77326002
1,Kidpower Park,Restaurant,url,-122.420223,37.76406398
1,Parque Ninos Unidos,Park,url,-122.413704,37.75421679
1,J.P. Murphy Playground Clubhouse,Cafe ,url,-122.465231,37.75153501
1,Washington Square,Cafe ,url,-122.4108299,37.80024003
1,3rd Street Light Rail,Park,url,-122.3889599,37.76432005
1,International Terminal,Groceries,url,-122.399165,37.62043
1,International Terminal,Cafe ,url,-122.399165,37.62043
1,San Francisco Public Library Bayview Branch,Restaurant,url,-122.391314,37.73248202
1,Terminal 3,School,url,-122.399165,37.62043
1,Rochambeau Playground,Groceries,url,-122.4850171,37.78491013
1,Union Square,School,url,-122.4075,37.78793099
1,International Terminal,Restaurant,url,-122.399165,37.62043
1,Terminal 3,Cafe ,url,-122.399165,37.62043
1,Terminal 2,Cafe ,url,-122.399165,37.62043
1,Daggett Park,School,url,-122.3963199,37.76647005
1,Coit Tower,Restaurant,url,-122.405884,37.80231199
1,Father Alfred E. Boeddeker Park,Cafe ,url,-122.412261,37.78373099
1,Mission Recreation Center,Groceries,url,-122.412586,37.758149
1,Main Library,Groceries,url,-122.415746,37.77917798
1,3rd Street Light Rail,School,url,-122.3927299,37.72927003
1,Koret Children's Quarters,Park,url,-122.4606399,37.76742006
1,Hotel,Restaurant,url,-122.3937406,37.61242626
1,Sava Pool,Park,url,-122.475662,37.737793
1,CCSF Ocean Campus,School,url,-122.449584,37.72382699
1,Coit Tower,Cafe ,url,-122.405884,37.80231199
1,Laguna Honda Hospital,School,url,-122.455811,37.748793
1,,Restaurant,url,-122.4478699,37.78228004
1,George Christopher Playground,Groceries,url,-122.440255,37.74400102
1,3rd Street Light Rail,Cafe ,url,-122.3897999,37.77292005
1,SFPD  Richmond Station,Groceries,url,-122.464404,37.78003101
1,Portsmouth Square,Restaurant,url,-122.40478,37.79445006
1,M-Ocean View Light Rail,Cafe ,url,-122.4750999,37.72103004
1,Laguna Honda Hospital,Cafe ,url,-122.455811,37.748793
1,Golden Gate Park,School,url,-122.4658799,37.77338005